{"28": 70.78552921852557, "5": 0, "13": 0, "22": 0, "3": 0, "15": 0, "19": 0, "20": 0, "21": 0, "25": 53.73530366782569, "6": 0, "2": 0, "1": 0, "24": 75.47657828639532, "17": 0, "23": 0, "12": 0, "7": 0, "11": 0, "10": 55.97771806400191, "18": 0, "8": 0, "9": 64.16269599552275, "26": 56.39241527494896, "27": 79.92957335427955, "14": 0, "16": 0, "4": 0}