{"15": 0.0, "20": 56.76692424951478, "17": 0.0, "26": 56.39241527494896, "16": 0.0, "27": 79.92957335427955, "12": 0.0, "18": 0.0, "23": 0.0, "19": 0.0, "21": 0.0, "10": 55.97771806400191, "24": 75.47657828639532, "22": 0.0, "4": 0.0, "5": 0.0, "7": 0.0, "1": 0.0, "11": 0.0, "6": 0.0, "28": 70.78552921852557, "9": 64.16269599552275, "14": 0.0, "13": 0.0, "8": 0.0, "2": 0.0, "3": 0.0, "25": 53.73530366782569}