{"16": 69.77205153617443, "3": 62.584317032040474, "2": 64.6094839609484, "1": 76.6803840877915, "24": 68.3066008636644, "7": 62.19360199418363, "27": 0, "20": 53.74149659863946, "17": 74.85493230174082, "14": 81.31087128191629, "5": 82.3489010989011, "23": 79.47232153865122, "6": 82.07847295864264, "4": 74.66238801978874, "18": 0, "11": 71.9740048740861, "8": 52.74102079395085, "21": 74.74204643164231, "12": 74.61618981158409, "9": 59.11636589919104, "22": 77.46930803571429, "10": 0, "15": 78.97156478801294, "19": 76.43378519290928, "13": 74.1391526144254, "25": 60.56782334384858, "26": 0}