{"dseatPer": 0.0, "rseatPer": 100.0, "dvotePer": 41.61501417261114, "rvotePer": 58.38498582738886}