{"8": 0, "2": 0, "7": 0, "6": 0, "3": 0, "11": 0, "10": 0, "5": 75.37708338125766, "14": 0, "13": 68.03627881740762, "9": 0, "4": 70.2704084767498, "12": 0, "1": 0}