{"dseatPer": 35.714285714285715, "rseatPer": 64.28571428571429, "dvotePer": 50.234200487358805, "rvotePer": 49.7657995126412}