{"13": 79.9547872391077, "12": 0, "9": 0, "7": 55.18578830049094, "8": 0, "3": 0, "2": 0, "4": 70.2704084767498, "14": 0, "1": 0, "11": 0, "5": 66.4995806403868, "10": 0, "6": 0}