{"13": 68.03627881740762, "12": 0, "9": 0, "7": 55.18578830049094, "8": 0, "3": 0, "2": 0, "4": 74.77464403374118, "14": 0, "1": 0, "11": 0, "5": 70.22704226633017, "10": 0, "6": 0}