{"dseatPer": 25.0, "rseatPer": 75.0, "dvotePer": 41.61501417261114, "rvotePer": 58.38498582738886}