{"black": {"15": [0.004653142662612814, 0.004653142662612814, 0.004653142662612814, 0.004653142662612814, 0.004653142662612814], "20": [0.006380084697056026, 0.006380084697056026, 0.006344637865509443, 0.006344637865509443, 0.006344637865509443], "17": [0.0050031434698691235, 0.0050031434698691235, 0.0050031434698691235, 0.0050031434698691235, 0.0050031434698691235], "26": [0.011506024270954407, 0.011506024270954407, 0.011506024270954407, 0.011506024270954407, 0.011506024270954407], "16": [0.004902012193296074, 0.004902012193296074, 0.004902012193296074, 0.004902012193296074, 0.004902012193296074], "27": [0.014820501384824051, 0.01543499937696372, 0.01628173879973268, 0.01628173879973268, 0.014137369357295645], "12": [0.003547667243153466, 0.003547667243153466, 0.003547667243153466, 0.003547667243153466, 0.003547667243153466], "18": [0.00512507712057608, 0.00512507712057608, 0.00512507712057608, 0.00512507712057608, 0.00512507712057608], "23": [0.008074046516454436, 0.008074046516454436, 0.008074046516454436, 0.008074046516454436, 0.008074046516454436], "19": [0.006344637865509443, 0.006344637865509443, 0.005541159101387114, 0.005541159101387114, 0.005541159101387114], "21": [0.0076658301099427895, 0.00705133211780312, 0.006380084697056026, 0.006380084697056026, 0.006380084697056026], "10": [0.002931979065429021, 0.002931979065429021, 0.002931979065429021, 0.002931979065429021, 0.002931979065429021], "24": [0.008149511182155799, 0.008149511182155799, 0.008149511182155799, 0.008149511182155799, 0.008149511182155799], "22": [0.00768852988138576, 0.00768852988138576, 0.00768852988138576, 0.00768852988138576, 0.00768852988138576], "4": [0.0016042666738790763, 0.0016042666738790763, 0.0016042666738790763, 0.0016042666738790763, 0.0016042666738790763], "5": [0.0018420450548375421, 0.0018420450548375421, 0.001781828563874466, 0.0018420450548375421, 0.0018420450548375421], "7": [0.0024332740563415226, 0.0024332740563415226, 0.0024332740563415226, 0.0024332740563415226, 0.0024332740563415226], "1": [0.0007276863661584907, 0.0007276863661584907, 0.0007276863661584907, 0.0007276863661584907, 0.0007276863661584907], "11": [0.0034290454132041466, 0.0034290454132041466, 0.0034290454132041466, 0.0034290454132041466, 0.0034290454132041466], "6": [0.0018904804334179826, 0.0018904804334179826, 0.0018904804334179826, 0.0018904804334179826, 0.0018904804334179826], "28": [0.01628173879973268, 0.01628173879973268, 0.016945172393379726, 0.016945172393379726, 0.01908954183581676], "9": [0.0029130395904712844, 0.0029130395904712844, 0.0029130395904712844, 0.0029130395904712844, 0.0029130395904712844], "14": [0.003949173762817609, 0.003949173762817609, 0.003949173762817609, 0.003949173762817609, 0.003949173762817609], "13": [0.003604295928295769, 0.003604295928295769, 0.003604295928295769, 0.003604295928295769, 0.003604295928295769], "8": [0.002679625223323663, 0.002679625223323663, 0.002679625223323663, 0.002679625223323663, 0.002679625223323663], "2": [0.0007958374276867388, 0.0007958374276867388, 0.0008560539186498148, 0.0007958374276867388, 0.0007958374276867388], "3": [0.0011386971214343937, 0.0011386971214343937, 0.0011386971214343937, 0.0011386971214343937, 0.0011386971214343937], "25": [0.011290014211850826, 0.011290014211850826, 0.011290014211850826, 0.011290014211850826, 0.011290014211850826]}, "white": {"15": [0.02381500983403776, 0.02381500983403776, 0.02320994708124407, 0.02320994708124407, 0.02320994708124407], "20": [0.02820772609144848, 0.02820772609144848, 0.02820772609144848, 0.02820772609144848, 0.02820772609144848], "17": [0.0258046379013875, 0.0258046379013875, 0.024174825360101862, 0.024174825360101862, 0.024174825360101862], "26": [0.036197873148709446, 0.036197873148709446, 0.036197873148709446, 0.036197873148709446, 0.036197873148709446], "16": [0.024174825360101862, 0.024174825360101862, 0.02381500983403776, 0.02381500983403776, 0.02381500983403776], "27": [0.03737425948032841, 0.03737425948032841, 0.03737425948032841, 0.03737425948032841, 0.03737425948032841], "12": [0.01884055156166838, 0.019229949236687412, 0.019229949236687412, 0.019229949236687412, 0.01884055156166838], "18": [0.02772916799196994, 0.026142219380802672, 0.0258046379013875, 0.0258046379013875, 0.0258046379013875], "23": [0.03127688698232274, 0.03127688698232274, 0.03127688698232274, 0.03127688698232274, 0.03127688698232274], "19": [0.028074235566222686, 0.02772916799196994, 0.026517852300797777, 0.02772916799196994, 0.02772916799196994], "21": [0.02912565241144019, 0.02912565241144019, 0.02912565241144019, 0.02912565241144019, 0.02912565241144019], "10": [0.017301624351486848, 0.01778413248718153, 0.01884055156166838, 0.01778413248718153, 0.017237768307503662], "24": [0.03384309959376379, 0.03384309959376379, 0.03384309959376379, 0.03384309959376379, 0.03384309959376379], "22": [0.030706615596550683, 0.030706615596550683, 0.030706615596550683, 0.030706615596550683, 0.030706615596550683], "4": [0.0094374817246141, 0.0094374817246141, 0.0094374817246141, 0.0094374817246141, 0.0094374817246141], "5": [0.010406327288754479, 0.010406327288754479, 0.010406327288754479, 0.010406327288754479, 0.012608325862187686], "7": [0.012634078718391603, 0.012634078718391603, 0.012634078718391603, 0.012634078718391603, 0.013852380281474405], "1": [0.003998419847521012, 0.003998419847521012, 0.003998419847521012, 0.003998419847521012, 0.003998419847521012], "11": [0.01778413248718153, 0.01884055156166838, 0.01899544817835369, 0.01884055156166838, 0.01778413248718153], "6": [0.012608325862187686, 0.012608325862187686, 0.012608325862187686, 0.012608325862187686, 0.012634078718391603], "28": [0.04425862063493399, 0.04425862063493399, 0.04425862063493399, 0.04425862063493399, 0.04425862063493399], "9": [0.017237768307503662, 0.017237768307503662, 0.017237768307503662, 0.017237768307503662, 0.016994228738352223], "14": [0.022162790755438734, 0.022162790755438734, 0.022165912836465466, 0.022165912836465466, 0.022162790755438734], "13": [0.019229949236687412, 0.019233640536906862, 0.022162790755438734, 0.022162790755438734, 0.019229949236687412], "8": [0.013852380281474405, 0.013852380281474405, 0.013852380281474405, 0.013852380281474405, 0.01557801138686772], "2": [0.007332422904607557, 0.007332422904607557, 0.007332422904607557, 0.007332422904607557, 0.007332422904607557], "3": [0.008303597092718148, 0.008303597092718148, 0.008303597092718148, 0.008303597092718148, 0.008303597092718148], "25": [0.03498121024693902, 0.03498121024693902, 0.03498121024693902, 0.03498121024693902, 0.03498121024693902]}, "asian": {"15": [0.00087556261280027, 0.00087556261280027, 0.00087556261280027, 0.00087556261280027, 0.0009374177650757186], "20": [0.0010324428721268748, 0.0010324428721268748, 0.0010193508306943413, 0.0010193508306943413, 0.0010324428721268748], "17": [0.000975745190718788, 0.000975745190718788, 0.0009429374663384468, 0.0009606005103791772, 0.000975745190718788], "26": [0.0015371505563375899, 0.0015371505563375899, 0.0015688198423324932, 0.0015688198423324932, 0.0015371505563375899], "16": [0.0009606005103791772, 0.0009606005103791772, 0.0009374177650757186, 0.0009374177650757186, 0.0009606005103791772], "27": [0.0020480851535353206, 0.0020480851535353206, 0.0020480851535353206, 0.0020480851535353206, 0.0020480851535353206], "12": [0.0008582790482213521, 0.0008582790482213521, 0.0008582790482213521, 0.0008582790482213521, 0.0008630397905604553], "18": [0.0010142451070263175, 0.0010142451070263175, 0.000975745190718788, 0.000975745190718788, 0.0010142451070263175], "23": [0.0013210025047024406, 0.0013210025047024406, 0.0013840650916291108, 0.0013840650916291108, 0.0013210025047024406], "19": [0.0010193508306943413, 0.0010193508306943413, 0.0010142451070263175, 0.0010142451070263175, 0.0010193508306943413], "21": [0.0012285647576181882, 0.001216369667640848, 0.0010324428721268748, 0.0010324428721268748, 0.0010407051749545212],