{"3": 0, "10": 55.97771806400191, "21": 0, "24": 75.47657828639532, "11": 0, "19": 0, "26": 0, "4": 0, "14": 0, "1": 0, "25": 53.73530366782569, "18": 0, "5": 0, "28": 70.78552921852557, "17": 0, "22": 0, "8": 0, "13": 0, "2": 0, "7": 0, "27": 79.92957335427955, "9": 64.16269599552275, "15": 0, "6": 0, "23": 0, "12": 0, "16": 0, "20": 56.76692424951478}