{"25": 60.56782334384858, "9": 59.11636589919104, "6": 82.07847295864264, "17": 74.85493230174082, "1": 76.6803840877915, "2": 64.6094839609484, "26": 0, "5": 82.3489010989011, "3": 62.584317032040474, "8": 52.74102079395085, "12": 74.61618981158409, "10": 0, "22": 77.46930803571429, "4": 74.66238801978874, "18": 0, "7": 62.19360199418363, "14": 81.31087128191629, "16": 69.77205153617443, "19": 76.43378519290928, "11": 71.9740048740861, "13": 74.1391526144254, "20": 53.74149659863946, "21": 74.74204643164231, "27": 0, "15": 78.97156478801294, "24": 68.3066008636644, "23": 79.47232153865122}