{"dseatPer": 35.714285714285715, "rseatPer": 64.28571428571429, "dvotePer": 48.37342027156902, "rvotePer": 51.62657972843099}