{"dseatPer": 32.142857142857146, "rseatPer": 67.85714285714286, "dvotePer": 48.37342027156902, "rvotePer": 51.62657972843099}