{"black": {"2": [0.0007958374276867388, 0.0007958374276867388, 0.0007958374276867388, 0.0007958374276867388, 0.0007958374276867388], "25": [0.011290014211850826, 0.011290014211850826, 0.011290014211850826, 0.011290014211850826, 0.011290014211850826], "1": [0.0007276863661584907, 0.0007276863661584907, 0.0007276863661584907, 0.0007276863661584907, 0.0007276863661584907], "3": [0.0011386971214343937, 0.0011386971214343937, 0.0011386971214343937, 0.0011386971214343937, 0.0011386971214343937], "24": [0.008149511182155799, 0.008149511182155799, 0.008149511182155799, 0.008149511182155799, 0.008149511182155799], "12": [0.003547667243153466, 0.003547667243153466, 0.0035338679899966454, 0.003547667243153466, 0.003547667243153466], "13": [0.003604295928295769, 0.003604295928295769, 0.003547667243153466, 0.003604295928295769, 0.003604295928295769], "21": [0.006380084697056026, 0.006380084697056026, 0.006759943638330406, 0.006380084697056026, 0.006380084697056026], "4": [0.0017086407749439785, 0.0016042666738790763, 0.0016042666738790763, 0.0017414140011914275, 0.0016042666738790763], "28": [0.016945172393379726, 0.016945172393379726, 0.016945172393379726, 0.016945172393379726, 0.016945172393379726], "19": [0.005541159101387114, 0.005541159101387114, 0.005541159101387114, 0.005541159101387114, 0.005541159101387114], "8": [0.002679625223323663, 0.002679625223323663, 0.002679625223323663, 0.002679625223323663, 0.002679625223323663], "26": [0.011506024270954407, 0.011506024270954407, 0.011506024270954407, 0.011506024270954407, 0.011506024270954407], "15": [0.004653142662612814, 0.004653142662612814, 0.004653142662612814, 0.004653142662612814, 0.004653142662612814], "5": [0.0018420450548375421, 0.0018420450548375421, 0.0018420450548375421, 0.0017533331061056314, 0.0018420450548375421], "6": [0.0018904804334179826, 0.0018904804334179826, 0.0018904804334179826, 0.0018420450548375421, 0.0018904804334179826], "7": [0.0024332740563415226, 0.0024332740563415226, 0.0024332740563415226, 0.0024332740563415226, 0.0024332740563415226], "22": [0.00768852988138576, 0.00768852988138576, 0.00768852988138576, 0.00768852988138576, 0.00768852988138576], "18": [0.00512507712057608, 0.00512507712057608, 0.00512507712057608, 0.00512507712057608, 0.00512507712057608], "9": [0.0029130395904712844, 0.0029130395904712844, 0.0029130395904712844, 0.0029130395904712844, 0.0029130395904712844], "23": [0.008074046516454436, 0.008074046516454436, 0.008074046516454436, 0.008074046516454436, 0.008074046516454436], "10": [0.002931979065429021, 0.002931979065429021, 0.002931979065429021, 0.002931979065429021, 0.002931979065429021], "14": [0.003949173762817609, 0.003949173762817609, 0.003604295928295769, 0.003949173762817609, 0.003949173762817609], "20": [0.006344637865509443, 0.006344637865509443, 0.006380084697056026, 0.006344637865509443, 0.006344637865509443], "11": [0.0033246713121392445, 0.0034290454132041466, 0.0034290454132041466, 0.0034290454132041466, 0.0034290454132041466], "17": [0.0050031434698691235, 0.0050031434698691235, 0.0050031434698691235, 0.0050031434698691235, 0.0050031434698691235], "16": [0.004902012193296074, 0.004902012193296074, 0.004902012193296074, 0.004902012193296074, 0.004902012193296074], "27": [0.01628173879973268, 0.01628173879973268, 0.01628173879973268, 0.01628173879973268, 0.01628173879973268]}, "white": {"2": [0.007332422904607557, 0.007332422904607557, 0.007332422904607557, 0.007332422904607557, 0.007332422904607557], "25": [0.03498121024693902, 0.03498121024693902, 0.036197873148709446, 0.03498121024693902, 0.03498121024693902], "1": [0.003998419847521012, 0.003998419847521012, 0.003998419847521012, 0.003998419847521012, 0.003998419847521012], "3": [0.008303597092718148, 0.008303597092718148, 0.008303597092718148, 0.008303597092718148, 0.008303597092718148], "24": [0.03384309959376379, 0.03384309959376379, 0.03498121024693902, 0.03384309959376379, 0.03384309959376379], "12": [0.019229949236687412, 0.019229949236687412, 0.01884055156166838, 0.019229949236687412, 0.019229949236687412], "13": [0.022162790755438734, 0.022162790755438734, 0.019229949236687412, 0.022162790755438734, 0.022162790755438734], "21": [0.02912565241144019, 0.02912565241144019, 0.030706615596550683, 0.02912565241144019, 0.02912565241144019], "4": [0.0094374817246141, 0.0094374817246141, 0.0094374817246141, 0.0094374817246141, 0.0094374817246141], "28": [0.04425862063493399, 0.04425862063493399, 0.04425862063493399, 0.04425862063493399, 0.04425862063493399], "19": [0.02772916799196994, 0.02772916799196994, 0.02772916799196994, 0.02772916799196994, 0.02772916799196994], "8": [0.013852380281474405, 0.013852380281474405, 0.013852380281474405, 0.013852380281474405, 0.013852380281474405], "26": [0.036197873148709446, 0.036197873148709446, 0.03737425948032841, 0.036197873148709446, 0.036197873148709446], "15": [0.02320994708124407, 0.02320994708124407, 0.022165912836465466, 0.02320994708124407, 0.02320994708124407], "5": [0.010406327288754479, 0.010406327288754479, 0.010406327288754479, 0.010406327288754479, 0.010406327288754479], "6": [0.012608325862187686, 0.012608325862187686, 0.012608325862187686, 0.012236573982142939, 0.012608325862187686], "7": [0.012634078718391603, 0.012634078718391603, 0.012634078718391603, 0.012608325862187686, 0.012634078718391603], "22": [0.030706615596550683, 0.030706615596550683, 0.03127688698232274, 0.030706615596550683, 0.030706615596550683], "18": [0.0258046379013875, 0.0258046379013875, 0.024174825360101862, 0.0258046379013875, 0.0258046379013875], "9": [0.017237768307503662, 0.017237768307503662, 0.015252676744629228, 0.017237768307503662, 0.017237768307503662], "23": [0.03127688698232274, 0.03127688698232274, 0.03384309959376379, 0.03127688698232274, 0.03127688698232274], "10": [0.01778413248718153, 0.01778413248718153, 0.017237768307503662, 0.01778413248718153, 0.01778413248718153], "14": [0.022165912836465466, 0.022165912836465466, 0.022162790755438734, 0.022165912836465466, 0.022165912836465466], "20": [0.02805403690941439, 0.02820772609144848, 0.02820772609144848, 0.028605230827697142, 0.02820772609144848], "11": [0.01899424074370247, 0.01884055156166838, 0.01778413248718153, 0.01884055156166838, 0.01884055156166838], "17": [0.024174825360101862, 0.024174825360101862, 0.02381500983403776, 0.024174825360101862, 0.024174825360101862], "16": [0.02381500983403776, 0.02381500983403776, 0.02320994708124407, 0.02381500983403776, 0.02381500983403776], "27": [0.03737425948032841, 0.03737425948032841, 0.03967761356819846, 0.03737425948032841, 0.03737425948032841]}, "asian": {"2": [0.0003065504088787707, 0.0003065504088787707, 0.0003065504088787707, 0.0003065504088787707, 0.0003065504088787707], "25": [0.0015371505563375899, 0.0015371505563375899, 0.0015371505563375899, 0.0015371505563375899, 0.0015371505563375899], "1": [0.0002574595657733812, 0.0002574595657733812, 0.0002574595657733812, 0.0002574595657733812, 0.0002574595657733812], "3": [0.0003788239972876188, 0.00038029016793553097, 0.00038029016793553097, 0.00038029016793553097, 0.00038029016793553097], "24": [0.0014451095377815961, 0.0014451095377815961, 0.001441694222625283, 0.0014451095377815961, 0.0014451095377815961], "12": [0.0008582790482213521, 0.0008582790482213521, 0.0008582790482213521, 0.0008582790482213521, 0.0008582790482213521], "13": [0.0008630397905604553, 0.0008630397905604553, 0.0008630397905604553, 0.0008630397905604553, 0.0008630397905604553], "21": [0.0010324428721268748, 0.0010324428721268748, 0.0010324428721268748, 0.0010324428721268748, 0.0010324428721268748], "4": [0.0003848784196101739, 0.0003848784196101739, 0.0003848784196101739, 0.0003848784196101739, 0.0003848784196101739], "28": [0.0021475950178624433, 0.0021475950178624433, 0.0021475950178624433, 0.0021475950178624433, 0.0021475950178624433], "19": [0.0010142451070263175, 0.0010142451070263175, 0.0010142451070263175, 0.0010142451070263175, 0.0010142451070263175],