{"dseatPer": 42.857142857142854, "rseatPer": 57.14285714285714, "dvotePer": 50.234200487358805, "rvotePer": 49.7657995126412}